USE SAFWA_MOVIES
GO


--INSERT INTO THE STUDIO TABLE
INSERT INTO Studio(Stu_ID,Stu_Name,Stu_DateEstablished,Stu_Country)
VALUES('CSC1A' , 'COMPUTER SCIENCE STUDIO' , '2020-01-22', 'SOUTH AFRICA' ),
      ('IFM1A' , 'INFORMATICS STUDIO' , '2022-03-12' , 'SOUTH AFRICA'),
	  ('MAT1A' , 'MATHEMATICS STUDIO' , '2025-10-30' , 'USA'),
	  ('BUS1A' , 'BUSINESS MANAGEMENT STUDIO' , '2026-06-11' , 'CANADA'),
	  ('UJ' , 'UNIVERSITY OF JOHANNESBURG STUDIO' , '2005-01-10', 'SOUTH AFRICA')


--INSERT INTO THE STUDIO TABLE
INSERT INTO Writer(Wri_ID,Wri_Name,Wri_Age,Wri_Gender)
VALUES('224127381' , 'THOBANI MPANGAZITHA' , 20 , 'M'),
      ('203474281' , 'EDISON MTSHILIBA' , 21 , 'M'),
	  ('201834951' , 'NZUZO NDABANE' , 25 ,'F'),
	  ('237138921' , 'NGANGEZWE THOMAS' , 19 , 'F'),
	  ('251663525' , ' LWANDILE ALWANDE' , 15 , 'M')

--INSERT INTO THE STUDIO TABLE
INSERT INTO Movie(Mov_ID, Mov_Title,Mov_Duration, Mov_ReleaseDate, Stu_ID)
VALUES('1111111' , 'THE FAMILY PLAN' , 180 , '2026-01-10','CSC1A'),
      ('2222222' , 'BLOOD DIAMOND' , 250 , '2012-05-13','MAT1A'),
	  ('3333333' , 'TEARS OF THE SUN' , 169 , ' 2010-12-25', 'IFM1A'),
	  ('4444444' , 'THE DEN OF THIEVES' , 356 , '2023-05-04','UJ'),
	  ('5555555' , 'JERUSALEM' , 179 , '1998-10-30','BUS1A')

--INSERT INTO THE STUDIO TABLE
INSERT INTO Movie_Writer( Mov_ID, Wri_ID)
VALUES( '1111111','224127381' ),
      ( '2222222' ,'203474281' ),
	  ('3333333','201834951' ),
	  ('4444444','237138921' ),
	  ('5555555','251663525'  )
